<?xml version="1.0" encoding="UTF-8"?>
<project-private xmlns="http://www.netbeans.org/ns/project-private/1">
    <editor-bookmarks xmlns="http://www.netbeans.org/ns/editor-bookmarks/2" lastBookmarkId="0"/>
    <open-files xmlns="http://www.netbeans.org/ns/projectui-open-files/2">
        <group>
            <file>file:/home/fabio/Apps/NetBeans/Estok/src/cadastro/Cliente.java</file>
            <file>file:/home/fabio/Apps/NetBeans/Estok/src/cadastro/Fornecedor.java</file>
            <file>file:/home/fabio/Apps/NetBeans/Estok/src/estok/Estok.java</file>
            <file>file:/home/fabio/Apps/NetBeans/Estok/src/cadastro/Produto.java</file>
        </group>
    </open-files>
</project-private>
